"op","help"
0.36988217787355,1
0.0602765071621447,1
0.00450820570040493,1
