"op","help"
0.6666667,1
0.333333400039627,1
0.147905712129484,1
